{
    "navigation": {
        "dashboards": "لوحات القيادة",
        "crm": "إدارة علاقات العملاء",
        "analytics": "تحليلات",
        "eCommerce": "التجارة الإلكترونية",
        "academy": "أكاديمية",
        "logistics": "اللوجستية",
        "frontPages": "الصفحات الأولى",
        "landing": "الهبوط",
        "pricing": "التسعير",
        "payment": "قسط",
        "checkout": "الدفع",
        "helpCenter": "مركز المساعدة",
        "appsPages": "التطبيقات والصفحات",
        "apps": "تطبيقات",
        "dashboard": "لوحة القيادة",
        "products": "منتجات",
        "list": "قائمة",
        "add": "يضيف",
        "category": "فئة",
        "orders": "أوامر",
        "details": "تفاصيل",
        "customers": "العملاء",
        "manageReviews": "إدارة المراجعات",
        "referrals": "الإحالات",
        "settings": "إعدادات",
        "myCourses": "دوراتي",
        "courseDetails": "تفاصيل الدورة",
        "fleet": "أسطول",
        "email": "البريد الإلكتروني",
        "chat": "محادثة",
        "calendar": "تقويم",
        "kanban": "كانبان",
        "invoice": "فاتورة",
        "preview": "معاينة",
        "edit": "يحرر",
        "user": "المستعمل",
        "view": "رأي",
        "rolesPermissions": "الأدوار والأذونات",
        "roles": "الأدوار",
        "permissions": "أذونات",
        "pages": "الصفحات",
        "userProfile": "ملف تعريفي للمستخدم",
        "accountSettings": "إعدادت الحساب",
        "faq": "التعليمات",
        "miscellaneous": "متفرقات",
        "comingSoon": "قريبا",
        "underMaintenance": "تحت الصيانة",
        "pageNotFound404": "الصفحة غير موجودة - 404",
        "notAuthorized401": "غير مصرح به - 401",
        "authPages": "صفحات المصادقة",
        "login": "تسجيل الدخول",
        "loginV1": "تسجيل الدخول v1",
        "loginV2": "تسجيل الدخول الإصدار 2",
        "register": "يسجل",
        "registerV1": "تسجيل الإصدار 1",
        "registerV2": "تسجيل الإصدار 2",
        "registerMultiSteps": "تسجيل متعدد الخطوات",
        "verifyEmail": "التحقق من البريد الإلكتروني",
        "verifyEmailV1": "التحقق من البريد الإلكتروني الإصدار 1",
        "verifyEmailV2": "التحقق من البريد الإلكتروني الإصدار 2",
        "forgotPassword": "هل نسيت كلمة السر",
        "forgotPasswordV1": "نسيت كلمة المرور v1",
        "forgotPasswordV2": "نسيت كلمة المرور v2",
        "resetPassword": "إعادة تعيين كلمة المرور",
        "resetPasswordV1": "إعادة تعيين كلمة المرور v1",
        "resetPasswordV2": "إعادة تعيين كلمة المرور الإصدار 2",
        "twoSteps": "خطوتين",
        "twoStepsV1": "خطوتين v1",
        "twoStepsV2": "خطوتان - الإصدار 2",
        "wizardExamples": "أمثلة على المعالج",
        "propertyListing": "قائمة الممتلكات",
        "createDeal": "إنشاء صفقة",
        "dialogExamples": "أمثلة الحوار",
        "widgetExamples": "أمثلة القطعة",
        "basic": "أساسي",
        "advanced": "متقدم",
        "statistics": "إحصائيات",
        "actions": "أجراءات",
        "formsAndTables": "النماذج والجداول",
        "formLayouts": "تخطيطات النموذج",
        "formValidation": "التحقق من صحة النموذج",
        "formWizard": "معالج النماذج",
        "reactTable": "جدول رد الفعل",
        "formELements": "عناصر النماذج",
        "muiTables": "جداول MUI",
        "chartsMisc": "الرسوم البيانية ومتفرقات",
        "charts": "الرسوم البيانية",
        "recharts": "يعيد رسم الخرائط",
        "apex": "ذروة",
        "foundation": "مؤسسة",
        "components": "عناصر",
        "menuExamples": "أمثلة القائمة",
        "raiseSupport": "رفع الدعم",
        "documentation": "توثيق",
        "others": "آحرون",
        "itemWithBadge": "العنصر مع شارة",
        "externalLink": "رابط خارجي",
        "menuLevels": "مستويات القائمة",
        "menuLevel2": "مستوى القائمة 2",
        "menuLevel3": "مستوى القائمة 3",
        "disabledMenu": "قائمة المعوقين"
    }
}
